{
	"class_name" : "PinholeCameraParameters",
	"extrinsic" :
	[
		-1,
		0.0,
		0.0,
		0.0,
		0.0,
		-1,
		0.0,
		0.0,
		0.0,
		0.0,
		-1,
		0.0,
		0,
		0,
		3,
		1.0
	],
	"intrinsic" :
	{
		"height" : 1280,
		"intrinsic_matrix" :
		[
			665.1075101064489,
			0.0,
			0.0,
			0.0,
			665.1075101064489,
			0.0,
			959.5,
			639.5,
			1.0
		],
		"width" : 1920
	},
	"version_major" : 1,
	"version_minor" : 0
}
