{
	"class_name" : "PinholeCameraParameters",
	"extrinsic" :
	[
		-1,
		0.0,
		0.0,
		0.0,
		0.0,
		-1,
		0.0,
		0.0,
		0.0,
		0.0,
		-1,
		0.0,
		0,
		0,
		0.87,
		1.0
	],
	"intrinsic" :
	{
		"height" : 1080,
		"intrinsic_matrix" :
		[
			665.1075101064489,
			0.0,
			0.0,
			0.0,
			665.1075101064489,
			0.0,
			539.5,
			539.5,
			1.0
		],
		"width" : 1080
	},
	"version_major" : 1,
	"version_minor" : 0
}
